0,Filterkartusche
1,Schutzbrille-Laser
2,Adam-6051-IO-Modul
3,Winkel-8-40x40
4,Ritzelwelle-hohl
5,Abstandshalter-schwarz
6,Schlauchschelle-gross
7,Blech-gebohrt
8,Etagenklemme-2003
9,Leistungsoptokoppler-EMG-17-OV-TTL
10,Adapterplatte-schwarz
11,Flanschdichtung-flexible815
12,Wellrohr-kurz-grau
13,Edelstahlschraube-DIN912
14,Edelstahlwinkel-gebohrt
15,Schlauchschelle-72
16,Schutzleiterklemme-2002-1207
17,Schraubenfeder
18,Profil-8-40x40-kurz-grau
19,Leitungsschutzschalter-TX3-B16
20,Benzinleitung-Stahlgewebemantel
21,Schutzleiterklemme-2002-rot
22,Standfuss-Edelstahl
23,Etagenklemme-grau
24,Winkel-8-40x40-Zinklegierung
25,Stahlgitter-Zylinder
26,Hydraulikstutzen
27,Einstecktuelle-NW72
28,Auslassventil
29,Hutmutter
30,Winkel-rund-Langloch
31,Flansch-3_Loch-Anschluss
32,Messingdichtung-5_Loch
33,Schaltschrankschlüssel
34,Dichtungsblech-13_Loch
35,Flachdichtung-grau-2_Loch
36,Anschlussplatte-Stahl-7_Loch
37,Messschieber-KWB-0917
38,Flachbandkabel-rot
39,Gelenk-Klemmhebel-40x40
40,Kabelverschraubung-M25x1_5
41,Sichtlagerkasten-rot
42,Kühlkörper-eloxiert
43,Flachbandkabel-weiss
44,Anschlussplatte-Stahl-5_Loch
45,Kabel-3-Adern?
46,Universalverbindunger-rostfrei
47,Metallschutzschlauch-Kunststoffmantel
48,Schaltschraksteckdose-SD_D_SC_LA-gruen
49,Schraube-DIN921-M8x?
50,Kabelverschraubung-Skintop-PG16
51,Schraube-DIN912-schwarz-?
52,Hochdruckdichtung-novapress-flexible815
53,Anschlusselement-3DDruck-schwarz
54,Flansch-Edelstahl
55,Schlauchschelle-14
56,Konterring-schwarz
57,Kappe-Schraubverschluss-schwarz
58,Hochdruckdichtung-interface-TN9045
59,Kugelgelenk-Schraubanschluss
60,Edelstahlrohr-Ueberwurfmutter
61,Etagenklemme-Wago-2003
62,Messertrennklemme-PhoenixContact-UT_4_MT
63,PMA_Clip-beidseitig-FH_12_0
64,Stutzen-Blech-geschweisst
65,Verbindungsstueck-Rohr_Schlauch
66,Kupplungselement-Gussteil
67,Flachdichtung-Kork-5_Loch
68,Lochdüse-DLZ150U
69,Reduzierer-gedichtet
70,Anschlussplatte-rund-5_Loch
71,Unterlegscheibe-AD_gross?
72,Verbindungselement-grau
73,Hohlschraube
74,Nutenstein
75,Distanzhuelse
76,Abdeckkappe-grau
77,Hochleistungssteckverbinder-Harting-17_polig-3_reihig
78,Hydraulikschlauch
79,Flachdichtung-EWP210-gruen
80,Flachdichtung-schwarz
81,Flachdichtung-schwarz-weiss
82,Hochdruckdichtung-novapress-rot
83,Flachdichtung-MaterialAF
84,Hochdruckdichtung-novapress-4_Loch
85,Unterlegscheibe-AD_klein?
86,Kombimutter?
87,Schraube-DIN912-schwarz-lang?
88,Schraube-DIN912-Flachkopf?
89,Huelse-einstellbar
90,Schraube-DIN912-kurz
91,Klemme-12_Anschluesse-gruen
92,Klemme-4_Anschluesse-gruen
93,Gewindestange
94,Senkkopfschraube-schwarz
95,Flachdichtung-schwarz-5_Loch
96,Flachdichtung-schwarz-4_Loch
97,Blechlineal
98,Flachdichtung-Doppelkammer
99,Flachdichtung-rund-8_Loch




